,bayesian,bayesian_fixed_K,spectral,leiden,louvain,walktrap
3,1.8264496088027955,1.6641530036926269,0.14947590827941895,0.005176568031311035,0.006230616569519043,0.06687266826629638
4,1.875248384475708,1.669778323173523,0.17072627544403077,0.005088305473327637,0.005559539794921875,0.06975939273834228
5,1.3695276260375977,1.479375386238098,0.1738204002380371,0.005064678192138672,0.005123496055603027,0.06621665954589843
6,1.6264873266220092,1.5403225660324096,0.17739899158477784,0.004973006248474121,0.005543398857116699,0.06623153686523438
7,2.222594904899597,1.4371310949325562,0.18585116863250734,0.005101323127746582,0.005487465858459472,0.06690528392791747
8,2.1074373960494994,1.5065637111663819,0.2008122444152832,0.005925226211547852,0.00604557991027832,0.06739068031311035
9,1.5498392820358275,1.411052417755127,0.2098708152770996,0.005256533622741699,0.005356097221374511,0.06618659496307373
10,2.109460377693176,1.4844826936721802,0.2398069143295288,0.004931807518005371,0.005193853378295898,0.06558737754821778
