,bayesian,bayesian_fixed_K,spectral,leiden,louvain
4,0.6680634975433349,0.6953106641769409,0.1399087429046631,0.008318495750427247,0.007985520362854003
5,0.9759914875030518,0.7798122882843017,0.13722059726715088,0.008379983901977538,0.008199977874755859
8,0.5249832153320313,0.5435222864151001,0.15659890174865723,0.008249211311340331,0.008034992218017577
10,0.5145043134689331,0.47785468101501466,0.16097009181976318,0.008130812644958496,0.00801987648010254
20,0.37953529357910154,0.3660083055496216,0.2131983757019043,0.00814659595489502,0.008060359954833984
25,0.3551876306533813,0.3521475553512573,0.28611955642700193,0.008194732666015624,0.008043503761291504
