,bayesian,bayesian_fixed_K,spectral,leiden,louvain
3,0.9623140096664429,0.8353684902191162,0.06574211120605469,0.012665486335754395,0.01280074119567871
4,0.922468638420105,0.7292248487472535,0.061576461791992186,0.011806893348693847,0.011377096176147461
5,0.6601555109024048,0.6981598854064941,0.05618104934692383,0.011458373069763184,0.011587095260620118
6,0.5393053770065308,0.5700414180755615,0.058839726448059085,0.011624002456665039,0.010813307762145997
7,0.4646967172622681,0.5064172744750977,0.054967522621154785,0.011666488647460938,0.011228823661804199
8,0.45137829780578614,0.5138084888458252,0.05695674419403076,0.01125481128692627,0.009843993186950683
9,0.39233031272888186,0.3622025966644287,0.05097517967224121,0.010946941375732423,0.00935821533203125
10,0.37254421710968016,0.34878342151641845,0.05712184906005859,0.010592818260192871,0.008963918685913086
