,bayesian,bayesian_fixed_K,spectral,leiden,louvain
3,1.8967528820037842,1.5672301054000854,0.14017150402069092,3.557543087005615,0.020573759078979494
4,1.2574059247970581,1.2641018629074097,0.09293947219848633,3.2661776304244996,0.019673895835876466
5,1.0704127311706544,1.011395263671875,0.0979503870010376,3.2254391431808473,0.018058180809020996
6,1.0634698390960693,1.0542893171310426,0.08877131938934327,3.171843242645264,0.01787567138671875
7,0.8049003124237061,0.849637484550476,0.09116265773773194,3.1827888965606688,0.016811418533325195
8,0.8137222766876221,0.8737297058105469,0.08542234897613525,3.1133827924728394,0.01599893569946289
9,0.6833667516708374,0.641020131111145,0.08371999263763427,2.8071901559829713,0.01579434871673584
10,0.5979380130767822,0.6086152076721192,0.08798701763153076,2.8257615089416506,0.015692734718322755
